INSERT INTO SAMOCHODY VALUES ('1BCEDR78678776377','ABC56452','TOYOTA','2002',120000,'CZARNY');
INSERT INTO SPRZEDALI VALUES ('ADAM','KOWALSKI','95071211845','ROZANA','33-178','1995-07-12','WARSZAWA');
INSERT INTO WYSTAWIONE VALUES ('78542311845','1BCEDR78678776377');

INSERT INTO SAMOCHODY VALUES ('2DFRTU55858762345','BCD7643','BMW','2012',10000,'CZERWONY');
INSERT INTO SPRZEDALI VALUES ('MILOSZ','KACZOR','99011118799','BYTOWA','12-668','1999-01-11','OPOLE');
INSERT INTO WYSTAWIONE VALUES ('66121118799','2DFRTU55858762345');

INSERT INTO SAMOCHODY VALUES ('4GGHHD32487996333','IHV77420','MERCEDES','2012',1050,'ZOLTY');
INSERT INTO SPRZEDALI VALUES ('ROMAN','SKORAK','84071299812','GONTA','04-993','1984-07-12','KATOWICE');
INSERT INTO WYSTAWIONE VALUES ('84011599812','4GGHHD32487996333');

INSERT INTO SAMOCHODY VALUES ('8JIYYR66976227850','BBO89950','FIAT','2014',105012,'NIEBIESKI');
INSERT INTO SPRZEDALI VALUES ('ARTUR','KAC','85111156496','RADZIEWA','55-763','1985-11-11','WADOWICE');
INSERT INTO WYSTAWIONE VALUES ('78021756496','8JIYYR66976227850');

INSERT INTO SAMOCHODY VALUES ('U54GFD67843674401','GOO78311','OPEL','2014',26000,'NIEBIESKI');
INSERT INTO KUPILI VALUES ('ARTUR','KAC','87121156496','OGOLNA','55-763','1987-12-11','WARSZAWA');
INSERT INTO SPRZEDANE VALUES ('87121156496','U54GFD67843674401');

INSERT INTO SAMOCHODY VALUES ('J88FFG14599833651','RTG60092','FIAT','2002',88000,'CZERWONY');
INSERT INTO KUPILI VALUES ('MARIAN','BAROT','66012088741','ZIELONA','44-559','1966-01-20','KRAKOW');
INSERT INTO SPRZEDANE VALUES ('66012088741','J88FFG14599833651');

INSERT INTO SAMOCHODY VALUES ('BB6DPP16783988231','HOQ77900','TOYOTA','2000',44000,'CZERWONY');
INSERT INTO KUPILI VALUES ('DANUTA','HORBA','95020166077','LOPPA','12-668','1995-02-01','OPOLE');
INSERT INTO SPRZEDANE VALUES ('95020166077','BB6DPP16783988231');




